"","concentration","seasons","location","lake"
"1",54450.2652842421,"2","headwaters","Arkabutla Lake"
"2",151356.124843621,"2","headwaters","Arkabutla Lake"
"3",59156.1634175474,"2","headwaters","Arkabutla Lake"
"4",301995.172040201,"3","headwaters","Arkabutla Lake"
"5",135518.941235103,"3","headwaters","Arkabutla Lake"
"6",270395.836410884,"3","headwaters","Arkabutla Lake"
"7",235504.928389601,"3","headwaters","Arkabutla Lake"
"8",102801.629812647,"3","headwaters","Arkabutla Lake"
"9",444631.267469108,"3","headwaters","Arkabutla Lake"
"10",28054.3363795171,"3","headwaters","Arkabutla Lake"
"11",111686.324778056,"3","headwaters","Arkabutla Lake"
"12",16143.5855682649,"3","headwaters","Arkabutla Lake"
"13",199526.231496888,"3","headwaters","Arkabutla Lake"
"14",194088.587759278,"3","headwaters","Arkabutla Lake"
"15",94623.7161365793,"3","headwaters","Arkabutla Lake"
"16",173780.082874937,"3","headwaters","Arkabutla Lake"
"17",128233.058265602,"3","headwaters","Arkabutla Lake"
"18",111686.324778056,"3","headwaters","Arkabutla Lake"
"19",183653.834334835,"3","headwaters","Arkabutla Lake"
"20",94623.7161365793,"3","headwaters","Arkabutla Lake"
"21",135518.941235103,"3","headwaters","Arkabutla Lake"
"22",128233.058265602,"3","headwaters","Arkabutla Lake"
"23",205116.217882556,"3","headwaters","Arkabutla Lake"
"24",183653.834334835,"3","headwaters","Arkabutla Lake"
"25",255858.588690565,"3","headwaters","Arkabutla Lake"
"26",346736.850452532,"3","headwaters","Arkabutla Lake"
"27",1e+05,"3","headwaters","Arkabutla Lake"
"28",102801.629812647,"3","headwaters","Arkabutla Lake"
"29",135518.941235103,"3","headwaters","Arkabutla Lake"
"30",124738.351424294,"3","headwaters","Arkabutla Lake"
"31",194088.587759278,"3","headwaters","Arkabutla Lake"
"32",222843.51492703,"3","headwaters","Arkabutla Lake"
"33",194088.587759278,"4","headwaters","Arkabutla Lake"
"34",242102.904673618,"4","headwaters","Arkabutla Lake"
"35",108642.562361706,"4","headwaters","Arkabutla Lake"
"36",131825.673855641,"4","headwaters","Arkabutla Lake"
"37",194088.587759278,"4","headwaters","Arkabutla Lake"
"38",328095.293113119,"4","headwaters","Arkabutla Lake"
"39",21877.6162394955,"4","headwaters","Arkabutla Lake"
"40",105681.750921366,"4","headwaters","Arkabutla Lake"
"41",135518.941235103,"4","headwaters","Arkabutla Lake"
"42",270395.836410884,"4","headwaters","Arkabutla Lake"
"43",387257.644921617,"4","headwaters","Arkabutla Lake"
"44",310455.958812836,"4","headwaters","Arkabutla Lake"
"45",328095.293113119,"4","headwaters","Arkabutla Lake"
"46",270395.836410884,"4","headwaters","Arkabutla Lake"
"47",301995.172040201,"4","headwaters","Arkabutla Lake"
"48",205116.217882556,"4","headwaters","Arkabutla Lake"
"49",199526.231496888,"4","headwaters","Arkabutla Lake"
"50",310455.958812836,"4","headwaters","Arkabutla Lake"
"51",263026.799189538,"4","headwaters","Arkabutla Lake"
"52",285759.054337495,"4","headwaters","Arkabutla Lake"
"53",263026.799189538,"4","headwaters","Arkabutla Lake"
"54",242102.904673618,"4","headwaters","Arkabutla Lake"
"55",121338.885046498,"4","headwaters","Arkabutla Lake"
"56",366437.574647833,"4","headwaters","Arkabutla Lake"
"57",216770.410481969,"4","headwaters","Arkabutla Lake"
"58",205116.217882556,"4","headwaters","Arkabutla Lake"
"59",255858.588690565,"4","headwaters","Arkabutla Lake"
"60",242102.904673618,"4","headwaters","Arkabutla Lake"
"61",64268.7717317019,"4","headwaters","Arkabutla Lake"
"62",44874.5389933132,"4","headwaters","Arkabutla Lake"
"63",97274.7223776964,"4","headwaters","Arkabutla Lake"
"64",222843.51492703,"4","headwaters","Arkabutla Lake"
"65",54450.2652842421,"4","headwaters","Arkabutla Lake"
"66",73790.4230129101,"4","headwaters","Arkabutla Lake"
"67",105681.750921366,"1","headwaters","Arkabutla Lake"
"68",102801.629812647,"1","headwaters","Arkabutla Lake"
"69",92044.957175317,"1","headwaters","Arkabutla Lake"
"70",46131.7574560379,"1","headwaters","Arkabutla Lake"
"71",35974.9335155742,"1","headwaters","Arkabutla Lake"
"72",89536.4765549594,"1","headwaters","Arkabutla Lake"
"73",147231.250243272,"1","headwaters","Arkabutla Lake"
"74",147231.250243272,"1","headwaters","Arkabutla Lake"
"75",80167.8063387679,"1","headwaters","Arkabutla Lake"
"76",36982.8179780266,"1","headwaters","Arkabutla Lake"
"77",199526.231496888,"1","headwaters","Arkabutla Lake"
"78",173780.082874937,"1","headwaters","Arkabutla Lake"
"79",216770.410481969,"1","headwaters","Arkabutla Lake"
"80",97274.7223776964,"1","headwaters","Arkabutla Lake"
"81",183653.834334835,"1","headwaters","Arkabutla Lake"
"82",164437.172321493,"1","headwaters","Arkabutla Lake"
"83",151356.124843621,"1","headwaters","Arkabutla Lake"
"84",147231.250243272,"1","headwaters","Arkabutla Lake"
"85",40179.081084894,"1","headwaters","Arkabutla Lake"
"86",43651.5832240166,"1","headwaters","Arkabutla Lake"
"87",105681.750921366,"1","headwaters","Arkabutla Lake"
"88",270395.836410884,"1","headwaters","Arkabutla Lake"
"89",270395.836410884,"1","headwaters","Arkabutla Lake"
"90",398107.170553497,"1","headwaters","Arkabutla Lake"
"91",131825.673855641,"2","headwaters","Arkabutla Lake"
"92",328095.293113119,"2","headwaters","Arkabutla Lake"
"93",199526.231496888,"2","headwaters","Arkabutla Lake"
"94",242102.904673618,"2","headwaters","Arkabutla Lake"
"95",310455.958812836,"2","headwaters","Arkabutla Lake"
"96",346736.850452532,"2","headwaters","Arkabutla Lake"
"97",151356.124843621,"2","headwaters","Arkabutla Lake"
"98",131825.673855641,"2","headwaters","Arkabutla Lake"
"99",222843.51492703,"2","headwaters","Arkabutla Lake"
"100",328095.293113119,"2","headwaters","Arkabutla Lake"
"101",108642.562361706,"2","headwaters","Arkabutla Lake"
"102",94623.7161365793,"2","headwaters","Arkabutla Lake"
"103",64268.7717317019,"2","headwaters","Arkabutla Lake"
"104",28840.3150312661,"2","headwaters","Arkabutla Lake"
"105",27289.7778280804,"2","headwaters","Arkabutla Lake"
"106",222843.51492703,"2","headwaters","Arkabutla Lake"
"107",159955.802861467,"2","headwaters","Arkabutla Lake"
"108",87096.3589956081,"2","headwaters","Arkabutla Lake"
"109",178648.757485205,"2","headwaters","Arkabutla Lake"
"110",139315.68029453,"2","headwaters","Arkabutla Lake"
"111",82413.8115013002,"2","headwaters","Arkabutla Lake"
"112",121338.885046498,"2","headwaters","Arkabutla Lake"
"113",183653.834334835,"2","headwaters","Arkabutla Lake"
"114",216770.410481969,"2","headwaters","Arkabutla Lake"
"115",376703.798983909,"2","headwaters","Arkabutla Lake"
"116",114815.362149688,"2","headwaters","Arkabutla Lake"
"117",17538.8050184176,"2","headwaters","Arkabutla Lake"
"118",169044.093164326,"2","headwaters","Arkabutla Lake"
"119",169044.093164326,"2","headwaters","Arkabutla Lake"
"120",20701.4134879104,"2","headwaters","Arkabutla Lake"
"121",143218.789927354,"2","headwaters","Arkabutla Lake"
"122",105681.750921366,"2","headwaters","Arkabutla Lake"
"123",43651.5832240166,"2","headwaters","Arkabutla Lake"
"124",80167.8063387679,"3","headwaters","Arkabutla Lake"
"125",31332.8572431559,"3","headwaters","Arkabutla Lake"
"126",20701.4134879104,"3","headwaters","Arkabutla Lake"
"127",55975.760149511,"3","headwaters","Arkabutla Lake"
"128",20701.4134879104,"3","headwaters","Arkabutla Lake"
"129",71779.4291271362,"3","headwaters","Arkabutla Lake"
"130",50118.7233627272,"3","headwaters","Arkabutla Lake"
"131",114815.362149688,"3","headwaters","Arkabutla Lake"
"132",155596.563160508,"3","headwaters","Arkabutla Lake"
"133",77983.0110523258,"3","headwaters","Arkabutla Lake"
"134",159955.802861467,"3","headwaters","Arkabutla Lake"
"135",82413.8115013002,"3","headwaters","Arkabutla Lake"
"136",73790.4230129101,"3","headwaters","Arkabutla Lake"
"137",94623.7161365793,"3","headwaters","Arkabutla Lake"
"138",16595.8690743756,"3","headwaters","Arkabutla Lake"
"139",38018.9396320561,"3","headwaters","Arkabutla Lake"
"140",26546.0556197554,"3","headwaters","Arkabutla Lake"
"141",29648.3138952434,"4","headwaters","Arkabutla Lake"
"142",62517.2692775686,"4","headwaters","Arkabutla Lake"
"143",52966.3443891658,"4","headwaters","Arkabutla Lake"
"144",188799.134909629,"4","headwaters","Arkabutla Lake"
"145",173780.082874937,"4","headwaters","Arkabutla Lake"
"146",139315.68029453,"4","headwaters","Arkabutla Lake"
"147",255858.588690565,"4","headwaters","Arkabutla Lake"
"148",169044.093164326,"4","headwaters","Arkabutla Lake"
"149",235504.928389601,"4","headwaters","Arkabutla Lake"
"150",143218.789927354,"4","headwaters","Arkabutla Lake"
"151",194088.587759278,"4","headwaters","Arkabutla Lake"
"152",263026.799189538,"4","headwaters","Arkabutla Lake"
"153",164437.172321493,"4","headwaters","Arkabutla Lake"
"154",248885.731828239,"4","headwaters","Arkabutla Lake"
"155",248885.731828239,"4","headwaters","Arkabutla Lake"
"156",310455.958812836,"4","headwaters","Arkabutla Lake"
"157",222843.51492703,"4","headwaters","Arkabutla Lake"
"158",366437.574647833,"4","headwaters","Arkabutla Lake"
"159",62517.2692775686,"4","headwaters","Arkabutla Lake"
"160",319153.785510076,"4","headwaters","Arkabutla Lake"
"161",118032.063565173,"4","headwaters","Arkabutla Lake"
"162",263026.799189538,"4","headwaters","Arkabutla Lake"
"163",159955.802861467,"4","headwaters","Arkabutla Lake"
"164",121338.885046498,"4","headwaters","Arkabutla Lake"
"165",293764.965196153,"4","headwaters","Arkabutla Lake"
"166",7870.45789695098,"4","headwaters","Arkabutla Lake"
"167",82413.8115013002,"1","headwaters","Arkabutla Lake"
"168",15275.6605823807,"1","headwaters","Arkabutla Lake"
"169",73790.4230129101,"1","headwaters","Arkabutla Lake"
"170",60813.5001278718,"1","headwaters","Arkabutla Lake"
"171",169044.093164326,"1","headwaters","Arkabutla Lake"
"172",114815.362149688,"1","headwaters","Arkabutla Lake"
"173",75857.7575029184,"1","headwaters","Arkabutla Lake"
"174",24434.3055269397,"1","headwaters","Arkabutla Lake"
"175",10964.7819614319,"1","headwaters","Arkabutla Lake"
"176",75857.7575029184,"1","headwaters","Arkabutla Lake"
"177",8550.66712884682,"2","headwaters","Arkabutla Lake"
"178",30478.9498962798,"2","headwaters","Arkabutla Lake"
"179",77983.0110523258,"2","headwaters","Arkabutla Lake"
"180",18030.1774085957,"2","headwaters","Arkabutla Lake"
"181",13304.5441797809,"2","headwaters","Arkabutla Lake"
"182",11912.4200802737,"2","headwaters","Arkabutla Lake"
"183",147231.250243272,"2","headwaters","Arkabutla Lake"
"184",62517.2692775686,"2","headwaters","Arkabutla Lake"
"185",48752.8490103386,"2","headwaters","Arkabutla Lake"
"186",14060.4752412991,"2","headwaters","Arkabutla Lake"
"187",22490.5460583578,"2","headwaters","Arkabutla Lake"
"188",8790.22516830884,"2","headwaters","Arkabutla Lake"
"189",23768.4028662488,"2","headwaters","Arkabutla Lake"
"190",52966.3443891658,"3","headwaters","Arkabutla Lake"
"191",102801.629812647,"3","headwaters","Arkabutla Lake"
"192",139315.68029453,"3","headwaters","Arkabutla Lake"
"193",277971.326775929,"3","headwaters","Arkabutla Lake"
"194",67920.3632617184,"3","headwaters","Arkabutla Lake"
"195",21281.3904598271,"3","headwaters","Arkabutla Lake"
"196",270395.836410884,"3","headwaters","Arkabutla Lake"
"197",183653.834334835,"3","headwaters","Arkabutla Lake"
"198",33113.1121482591,"3","headwaters","Arkabutla Lake"
"199",183653.834334835,"3","headwaters","Arkabutla Lake"
"200",159955.802861467,"3","headwaters","Arkabutla Lake"
"201",89536.4765549594,"3","headwaters","Arkabutla Lake"
"202",121338.885046498,"3","headwaters","Arkabutla Lake"
"203",199526.231496888,"3","headwaters","Arkabutla Lake"
"204",242102.904673618,"4","headwaters","Arkabutla Lake"
"205",75857.7575029184,"4","headwaters","Arkabutla Lake"
"206",92044.957175317,"4","headwaters","Arkabutla Lake"
"207",444631.267469108,"4","headwaters","Arkabutla Lake"
"208",483058.802039773,"4","headwaters","Arkabutla Lake"
"209",229086.765276777,"4","headwaters","Arkabutla Lake"
"210",409260.659730011,"4","headwaters","Arkabutla Lake"
"211",387257.644921617,"4","headwaters","Arkabutla Lake"
"212",248885.731828239,"4","headwaters","Arkabutla Lake"
"213",301995.172040201,"4","headwaters","Arkabutla Lake"
"214",159955.802861467,"4","headwaters","Arkabutla Lake"
"215",69823.2404077171,"4","headwaters","Arkabutla Lake"
"216",64268.7717317019,"4","headwaters","Arkabutla Lake"
"217",50118.7233627272,"4","headwaters","Arkabutla Lake"
"218",82413.8115013002,"4","headwaters","Arkabutla Lake"
"219",54450.2652842421,"4","headwaters","Arkabutla Lake"
"220",47424.1985260244,"4","headwaters","Arkabutla Lake"
"221",92044.957175317,"4","headwaters","Arkabutla Lake"
"222",27289.7778280804,"4","headwaters","Arkabutla Lake"
"223",139315.68029453,"4","headwaters","Arkabutla Lake"
"224",52966.3443891658,"4","headwaters","Arkabutla Lake"
"225",131825.673855641,"4","headwaters","Arkabutla Lake"
"226",75857.7575029184,"4","headwaters","Arkabutla Lake"
"227",62517.2692775686,"4","headwaters","Arkabutla Lake"
"228",82413.8115013002,"4","headwaters","Arkabutla Lake"
"229",28054.3363795171,"4","headwaters","Arkabutla Lake"
"230",143218.789927354,"4","headwaters","Arkabutla Lake"
"231",28054.3363795171,"4","headwaters","Arkabutla Lake"
"232",40179.081084894,"4","headwaters","Arkabutla Lake"
"233",97274.7223776964,"4","headwaters","Arkabutla Lake"
"234",14859.3564228701,"4","headwaters","Arkabutla Lake"
"235",107151.930523761,"4","headwaters","Arkabutla Lake"
"236",7244.35960074989,"1","headwaters","Arkabutla Lake"
"237",71779.4291271362,"1","headwaters","Arkabutla Lake"
"238",124738.351424294,"1","headwaters","Arkabutla Lake"
"239",62517.2692775686,"1","headwaters","Arkabutla Lake"
"240",28054.3363795171,"1","headwaters","Arkabutla Lake"
"241",46131.7574560379,"1","headwaters","Arkabutla Lake"
"242",7655.96606911255,"1","headwaters","Arkabutla Lake"
"243",105681.750921366,"1","headwaters","Arkabutla Lake"
"244",121338.885046498,"1","headwaters","Arkabutla Lake"
"245",89536.4765549594,"1","headwaters","Arkabutla Lake"
"246",80167.8063387679,"1","headwaters","Arkabutla Lake"
"247",82413.8115013002,"1","headwaters","Arkabutla Lake"
"248",73790.4230129101,"1","headwaters","Arkabutla Lake"
"249",15703.6280433355,"1","headwaters","Arkabutla Lake"
"250",32210.6879128343,"1","headwaters","Arkabutla Lake"
"251",33113.1121482591,"1","headwaters","Arkabutla Lake"
"252",18030.1774085957,"1","headwaters","Arkabutla Lake"
"253",8790.22516830884,"1","headwaters","Arkabutla Lake"
"254",50118.7233627272,"1","headwaters","Arkabutla Lake"
"255",19054.6071796325,"1","headwaters","Arkabutla Lake"
"256",15275.6605823807,"1","headwaters","Arkabutla Lake"
"257",19054.6071796325,"2","headwaters","Arkabutla Lake"
"258",42461.9563946313,"2","headwaters","Arkabutla Lake"
"259",21877.6162394955,"2","headwaters","Arkabutla Lake"
"260",11912.4200802737,"2","headwaters","Arkabutla Lake"
"261",47424.1985260244,"2","headwaters","Arkabutla Lake"
"262",25118.8643150958,"2","headwaters","Arkabutla Lake"
"263",15275.6605823807,"2","headwaters","Arkabutla Lake"
"264",40179.081084894,"2","headwaters","Arkabutla Lake"
"265",111686.324778056,"2","headwaters","Arkabutla Lake"
"266",80167.8063387679,"2","headwaters","Arkabutla Lake"
"267",62517.2692775686,"2","headwaters","Arkabutla Lake"
"268",16595.8690743756,"2","headwaters","Arkabutla Lake"
"269",18030.1774085957,"2","headwaters","Arkabutla Lake"
"270",169044.093164326,"2","headwaters","Arkabutla Lake"
"271",64268.7717317019,"2","headwaters","Arkabutla Lake"
"272",20701.4134879104,"2","headwaters","Arkabutla Lake"
"273",102801.629812647,"2","headwaters","Arkabutla Lake"
"274",16595.8690743756,"2","headwaters","Arkabutla Lake"
"275",23768.4028662488,"2","headwaters","Arkabutla Lake"
"276",16143.5855682649,"3","headwaters","Arkabutla Lake"
"277",21877.6162394955,"3","headwaters","Arkabutla Lake"
"278",54450.2652842421,"3","headwaters","Arkabutla Lake"
"279",67920.3632617184,"3","headwaters","Arkabutla Lake"
"280",51522.8644581756,"3","headwaters","Arkabutla Lake"
"281",43651.5832240166,"3","headwaters","Arkabutla Lake"
"282",89536.4765549594,"3","headwaters","Arkabutla Lake"
"283",139315.68029453,"3","headwaters","Arkabutla Lake"
"284",26546.0556197554,"3","headwaters","Arkabutla Lake"
"285",57543.9937337157,"3","headwaters","Arkabutla Lake"
"286",54450.2652842421,"3","headwaters","Arkabutla Lake"
"287",39084.0895792402,"3","headwaters","Arkabutla Lake"
"288",9036.494737223,"3","headwaters","Arkabutla Lake"
"289",13677.2882559585,"3","headwaters","Arkabutla Lake"
"290",23120.6479017559,"3","headwaters","Arkabutla Lake"
"291",20701.4134879104,"3","headwaters","Arkabutla Lake"
"292",40179.081084894,"3","headwaters","Arkabutla Lake"
"293",24434.3055269397,"3","headwaters","Arkabutla Lake"
"294",8790.22516830884,"3","headwaters","Arkabutla Lake"
"295",31332.8572431559,"3","headwaters","Arkabutla Lake"
"296",128233.058265602,"3","headwaters","Arkabutla Lake"
"297",89536.4765549594,"3","headwaters","Arkabutla Lake"
"298",17538.8050184176,"3","headwaters","Arkabutla Lake"
"299",30478.9498962798,"3","headwaters","Arkabutla Lake"
"300",29648.3138952434,"3","headwaters","Arkabutla Lake"
"301",60813.5001278718,"3","headwaters","Arkabutla Lake"
"302",44874.5389933132,"3","headwaters","Arkabutla Lake"
"303",66069.3448007596,"3","headwaters","Arkabutla Lake"
"304",34040.8189701001,"3","headwaters","Arkabutla Lake"
"305",38018.9396320561,"3","headwaters","Arkabutla Lake"
"306",47424.1985260244,"3","headwaters","Arkabutla Lake"
"307",60813.5001278718,"3","headwaters","Arkabutla Lake"
"308",188799.134909629,"3","headwaters","Arkabutla Lake"
"309",97274.7223776964,"3","headwaters","Arkabutla Lake"
"310",11271.9745617551,"3","headwaters","Arkabutla Lake"
"311",131825.673855641,"4","headwaters","Arkabutla Lake"
"312",121338.885046498,"4","headwaters","Arkabutla Lake"
"313",139315.68029453,"4","headwaters","Arkabutla Lake"
"314",169044.093164326,"4","headwaters","Arkabutla Lake"
"315",178648.757485205,"4","headwaters","Arkabutla Lake"
"316",222843.51492703,"4","headwaters","Arkabutla Lake"
"317",131825.673855641,"4","headwaters","Arkabutla Lake"
"318",277971.326775929,"4","headwaters","Arkabutla Lake"
"319",277971.326775929,"4","headwaters","Arkabutla Lake"
"320",255858.588690565,"4","headwaters","Arkabutla Lake"
"321",376703.798983909,"4","headwaters","Arkabutla Lake"
"322",210862.814993329,"4","headwaters","Arkabutla Lake"
"323",205116.217882556,"4","headwaters","Arkabutla Lake"
"324",169044.093164326,"4","headwaters","Arkabutla Lake"
"325",248885.731828239,"4","headwaters","Arkabutla Lake"
"326",216770.410481969,"4","headwaters","Arkabutla Lake"
"327",216770.410481969,"4","headwaters","Arkabutla Lake"
"328",32210.6879128343,"4","headwaters","Arkabutla Lake"
"329",48752.8490103386,"4","headwaters","Arkabutla Lake"
"330",16143.5855682649,"4","headwaters","Arkabutla Lake"
"331",14060.4752412991,"4","headwaters","Arkabutla Lake"
"332",169044.093164326,"4","headwaters","Arkabutla Lake"
"333",17060.8238900312,"4","headwaters","Arkabutla Lake"
"334",23120.6479017559,"4","headwaters","Arkabutla Lake"
"335",52966.3443891658,"4","headwaters","Arkabutla Lake"
"336",17538.8050184176,"4","headwaters","Arkabutla Lake"
"337",13304.5441797809,"4","headwaters","Arkabutla Lake"
"338",47424.1985260244,"4","headwaters","Arkabutla Lake"
"339",75857.7575029184,"4","headwaters","Arkabutla Lake"
"340",26546.0556197554,"4","headwaters","Arkabutla Lake"
"341",28054.3363795171,"4","headwaters","Arkabutla Lake"
"342",108642.562361706,"4","headwaters","Arkabutla Lake"
"343",77983.0110523258,"4","headwaters","Arkabutla Lake"
"344",42461.9563946313,"4","headwaters","Arkabutla Lake"
"345",41304.7501990161,"4","headwaters","Arkabutla Lake"
"346",114815.362149688,"4","headwaters","Arkabutla Lake"
"347",17538.8050184176,"4","headwaters","Arkabutla Lake"
"348",34994.5167028357,"4","headwaters","Arkabutla Lake"
"349",11587.7735615513,"4","headwaters","Arkabutla Lake"
"350",84722.7414140596,"4","headwaters","Arkabutla Lake"
"351",25118.8643150958,"1","headwaters","Arkabutla Lake"
"352",71779.4291271362,"1","headwaters","Arkabutla Lake"
"353",69823.2404077171,"1","headwaters","Arkabutla Lake"
"354",18535.3162341481,"1","headwaters","Arkabutla Lake"
"355",51522.8644581756,"1","headwaters","Arkabutla Lake"
"356",52966.3443891658,"1","headwaters","Arkabutla Lake"
"357",17060.8238900312,"1","headwaters","Arkabutla Lake"
"358",34994.5167028357,"1","headwaters","Arkabutla Lake"
"359",135518.941235103,"1","headwaters","Arkabutla Lake"
"360",62517.2692775686,"1","headwaters","Arkabutla Lake"
"361",199526.231496888,"1","headwaters","Arkabutla Lake"
"362",169044.093164326,"1","headwaters","Arkabutla Lake"
"363",34040.8189701001,"1","headwaters","Arkabutla Lake"
"364",178648.757485205,"2","headwaters","Arkabutla Lake"
"365",52966.3443891658,"2","headwaters","Arkabutla Lake"
"366",102801.629812647,"2","headwaters","Arkabutla Lake"
"367",11912.4200802737,"2","headwaters","Arkabutla Lake"
"368",28054.3363795171,"2","headwaters","Arkabutla Lake"
"369",9549.92586021435,"2","headwaters","Arkabutla Lake"
"370",15703.6280433355,"2","headwaters","Arkabutla Lake"
"371",44874.5389933132,"2","headwaters","Arkabutla Lake"
"372",7046.93068967147,"2","headwaters","Arkabutla Lake"
"373",147231.250243272,"2","headwaters","Arkabutla Lake"
"374",48752.8490103386,"2","headwaters","Arkabutla Lake"
"375",30478.9498962798,"2","headwaters","Arkabutla Lake"
"376",54450.2652842421,"2","headwaters","Arkabutla Lake"
"377",26546.0556197554,"2","headwaters","Arkabutla Lake"
"378",23768.4028662488,"2","headwaters","Arkabutla Lake"
"379",14454.3977074593,"2","headwaters","Arkabutla Lake"
"380",19588.4467350599,"2","headwaters","Arkabutla Lake"
"381",143218.789927354,"2","headwaters","Arkabutla Lake"
"382",59156.1634175474,"2","headwaters","Arkabutla Lake"
"383",71779.4291271362,"2","headwaters","Arkabutla Lake"
"384",52966.3443891658,"2","headwaters","Arkabutla Lake"
"385",77983.0110523258,"2","headwaters","Arkabutla Lake"
"386",62517.2692775686,"2","headwaters","Arkabutla Lake"
"387",35974.9335155742,"3","headwaters","Arkabutla Lake"
"388",36982.8179780266,"3","headwaters","Arkabutla Lake"
"389",66069.3448007596,"3","headwaters","Arkabutla Lake"
"390",173780.082874937,"3","headwaters","Arkabutla Lake"
"391",121338.885046498,"3","headwaters","Arkabutla Lake"
"392",210862.814993329,"3","headwaters","Arkabutla Lake"
"393",164437.172321493,"3","headwaters","Arkabutla Lake"
"394",102801.629812647,"3","headwaters","Arkabutla Lake"
"395",111686.324778056,"3","headwaters","Arkabutla Lake"
"396",151356.124843621,"3","headwaters","Arkabutla Lake"
"397",178648.757485205,"3","headwaters","Arkabutla Lake"
"398",277971.326775929,"3","headwaters","Arkabutla Lake"
"399",337287.308658869,"3","headwaters","Arkabutla Lake"
"400",242102.904673618,"3","headwaters","Arkabutla Lake"
"401",173780.082874937,"3","headwaters","Arkabutla Lake"
"402",222843.51492703,"3","headwaters","Arkabutla Lake"
"403",337287.308658869,"3","headwaters","Arkabutla Lake"
"404",255858.588690565,"3","headwaters","Arkabutla Lake"
"405",173780.082874937,"3","headwaters","Arkabutla Lake"
"406",131825.673855641,"3","headwaters","Arkabutla Lake"
"407",159955.802861467,"3","headwaters","Arkabutla Lake"
"408",124738.351424294,"3","headwaters","Arkabutla Lake"
"409",337287.308658869,"3","headwaters","Arkabutla Lake"
"410",255858.588690565,"3","headwaters","Arkabutla Lake"
"411",319153.785510076,"3","headwaters","Arkabutla Lake"
"412",155596.563160508,"3","headwaters","Arkabutla Lake"
"413",242102.904673618,"3","headwaters","Arkabutla Lake"
"414",398107.170553497,"3","headwaters","Arkabutla Lake"
"415",420726.628384444,"4","headwaters","Arkabutla Lake"
"416",586138.164514028,"4","headwaters","Arkabutla Lake"
"417",387257.644921617,"4","headwaters","Arkabutla Lake"
"418",444631.267469108,"4","headwaters","Arkabutla Lake"
"419",270395.836410884,"4","headwaters","Arkabutla Lake"
"420",469894.108605215,"4","headwaters","Arkabutla Lake"
"421",328095.293113119,"4","headwaters","Arkabutla Lake"
"422",216770.410481969,"4","headwaters","Arkabutla Lake"
"423",69823.2404077171,"4","headwaters","Arkabutla Lake"
"424",151356.124843621,"4","headwaters","Arkabutla Lake"
"425",398107.170553497,"4","headwaters","Arkabutla Lake"
"426",346736.850452532,"4","headwaters","Arkabutla Lake"
"427",483058.802039773,"4","headwaters","Arkabutla Lake"
"428",188799.134909629,"4","headwaters","Arkabutla Lake"
"429",672976.656284317,"4","headwaters","Arkabutla Lake"
"430",398107.170553497,"4","headwaters","Arkabutla Lake"
"431",270395.836410884,"4","headwaters","Arkabutla Lake"
"432",310455.958812836,"4","headwaters","Arkabutla Lake"
"433",277971.326775929,"4","headwaters","Arkabutla Lake"
"434",293764.965196153,"4","headwaters","Arkabutla Lake"
"435",483058.802039773,"4","headwaters","Arkabutla Lake"
"436",285759.054337495,"4","headwaters","Arkabutla Lake"
"437",301995.172040201,"4","headwaters","Arkabutla Lake"
"438",328095.293113119,"4","headwaters","Arkabutla Lake"
"439",346736.850452532,"4","headwaters","Arkabutla Lake"
"440",82413.8115013002,"4","headwaters","Arkabutla Lake"
"441",222843.51492703,"4","headwaters","Arkabutla Lake"
"442",469894.108605215,"4","headwaters","Arkabutla Lake"
"443",539510.622515127,"4","headwaters","Arkabutla Lake"
"444",794328.234724281,"4","headwaters","Arkabutla Lake"
"445",636795.520907916,"4","headwaters","Arkabutla Lake"
"446",277971.326775929,"4","headwaters","Arkabutla Lake"
"447",97274.7223776964,"4","headwaters","Arkabutla Lake"
"448",293764.965196153,"4","headwaters","Arkabutla Lake"
"449",188799.134909629,"4","headwaters","Arkabutla Lake"
"450",483058.802039773,"4","headwaters","Arkabutla Lake"
"451",387257.644921617,"4","headwaters","Arkabutla Lake"
"452",73790.4230129101,"4","headwaters","Arkabutla Lake"
"453",39084.0895792402,"4","headwaters","Arkabutla Lake"
"454",131825.673855641,"4","headwaters","Arkabutla Lake"
"455",164437.172321493,"4","headwaters","Arkabutla Lake"
"456",183653.834334835,"4","headwaters","Arkabutla Lake"
"457",319153.785510076,"4","headwaters","Arkabutla Lake"
"458",398107.170553497,"4","headwaters","Arkabutla Lake"
"459",199526.231496888,"4","headwaters","Arkabutla Lake"
"460",15703.6280433355,"4","headwaters","Arkabutla Lake"
"461",59156.1634175474,"4","headwaters","Arkabutla Lake"
"462",139315.68029453,"4","headwaters","Arkabutla Lake"
"463",89536.4765549594,"4","headwaters","Arkabutla Lake"
"464",111686.324778056,"4","headwaters","Arkabutla Lake"
"465",97274.7223776964,"4","headwaters","Arkabutla Lake"
"466",50118.7233627272,"4","headwaters","Arkabutla Lake"
"467",28054.3363795171,"4","headwaters","Arkabutla Lake"
"468",41304.7501990161,"1","headwaters","Arkabutla Lake"
"469",69823.2404077171,"1","headwaters","Arkabutla Lake"
"470",35974.9335155742,"1","headwaters","Arkabutla Lake"
"471",24434.3055269397,"1","headwaters","Arkabutla Lake"
"472",35974.9335155742,"1","headwaters","Arkabutla Lake"
"473",38018.9396320561,"1","headwaters","Arkabutla Lake"
"474",28054.3363795171,"1","headwaters","Arkabutla Lake"
"475",57543.9937337157,"1","headwaters","Arkabutla Lake"
"476",1e+05,"1","headwaters","Arkabutla Lake"
"477",59156.1634175474,"1","headwaters","Arkabutla Lake"
"478",64268.7717317019,"1","headwaters","Arkabutla Lake"
"479",15275.6605823807,"1","headwaters","Arkabutla Lake"
"480",26546.0556197554,"1","headwaters","Arkabutla Lake"
"481",47424.1985260244,"1","headwaters","Arkabutla Lake"
"482",151356.124843621,"1","headwaters","Arkabutla Lake"
"483",194088.587759278,"1","headwaters","Arkabutla Lake"
"484",13304.5441797809,"1","headwaters","Arkabutla Lake"
"485",77983.0110523258,"1","headwaters","Arkabutla Lake"
"486",41304.7501990161,"1","headwaters","Arkabutla Lake"
"487",67920.3632617184,"1","headwaters","Arkabutla Lake"
"488",121338.885046498,"1","headwaters","Arkabutla Lake"
"489",36982.8179780266,"1","headwaters","Arkabutla Lake"
"490",13677.2882559585,"2","headwaters","Arkabutla Lake"
"491",12589.2541179417,"2","headwaters","Arkabutla Lake"
"492",15275.6605823807,"2","headwaters","Arkabutla Lake"
"493",17538.8050184176,"2","headwaters","Arkabutla Lake"
"494",11271.9745617551,"2","headwaters","Arkabutla Lake"
"495",60813.5001278718,"2","headwaters","Arkabutla Lake"
"496",6486.34433548237,"2","headwaters","Arkabutla Lake"
"497",6486.34433548237,"2","headwaters","Arkabutla Lake"
"498",6486.34433548237,"3","headwaters","Arkabutla Lake"
"499",6486.34433548237,"3","headwaters","Arkabutla Lake"
"500",6486.34433548237,"4","headwaters","Arkabutla Lake"
"501",6486.34433548237,"4","headwaters","Arkabutla Lake"
"502",6486.34433548237,"1","headwaters","Arkabutla Lake"
"503",6486.34433548237,"2","headwaters","Arkabutla Lake"
"504",6486.34433548237,"2","headwaters","Arkabutla Lake"
"505",6486.34433548237,"2","headwaters","Arkabutla Lake"
"506",6486.34433548237,"2","headwaters","Arkabutla Lake"
"507",6486.34433548237,"3","headwaters","Arkabutla Lake"
"508",6486.34433548237,"4","headwaters","Arkabutla Lake"
"509",6486.34433548237,"4","headwaters","Arkabutla Lake"
"510",6486.34433548237,"1","headwaters","Arkabutla Lake"
"511",6486.34433548237,"1","headwaters","Arkabutla Lake"
"512",6486.34433548237,"2","headwaters","Arkabutla Lake"
"513",6486.34433548237,"2","headwaters","Arkabutla Lake"
"514",6486.34433548237,"2","headwaters","Arkabutla Lake"
"515",6486.34433548237,"3","headwaters","Arkabutla Lake"
"516",6486.34433548237,"3","headwaters","Arkabutla Lake"
"517",6486.34433548237,"4","headwaters","Arkabutla Lake"
"518",6486.34433548237,"4","headwaters","Arkabutla Lake"
"519",6486.34433548237,"1","headwaters","Arkabutla Lake"
"520",6486.34433548237,"1","headwaters","Arkabutla Lake"
"521",6486.34433548237,"1","headwaters","Arkabutla Lake"
"522",6486.34433548237,"1","headwaters","Arkabutla Lake"
"523",6486.34433548237,"1","headwaters","Arkabutla Lake"
"524",6486.34433548237,"2","headwaters","Arkabutla Lake"
"525",6486.34433548237,"2","headwaters","Arkabutla Lake"
"526",6486.34433548237,"2","headwaters","Arkabutla Lake"
"527",6486.34433548237,"3","headwaters","Arkabutla Lake"
"528",6486.34433548237,"3","headwaters","Arkabutla Lake"
"529",6486.34433548237,"3","headwaters","Arkabutla Lake"
"530",6486.34433548237,"3","headwaters","Arkabutla Lake"
"531",6486.34433548237,"3","headwaters","Arkabutla Lake"
"532",6486.34433548237,"3","headwaters","Arkabutla Lake"
"533",6486.34433548237,"4","headwaters","Arkabutla Lake"
"534",6486.34433548237,"4","headwaters","Arkabutla Lake"
"535",6486.34433548237,"4","headwaters","Arkabutla Lake"
"536",6486.34433548237,"4","headwaters","Arkabutla Lake"
"537",6486.34433548237,"4","headwaters","Arkabutla Lake"
"538",6486.34433548237,"4","headwaters","Arkabutla Lake"
"539",6486.34433548237,"1","headwaters","Arkabutla Lake"
"540",6486.34433548237,"1","headwaters","Arkabutla Lake"
"541",6486.34433548237,"1","headwaters","Arkabutla Lake"
"542",6486.34433548237,"1","headwaters","Arkabutla Lake"
"543",6486.34433548237,"1","headwaters","Arkabutla Lake"
"544",6486.34433548237,"1","headwaters","Arkabutla Lake"
"545",6486.34433548237,"1","headwaters","Arkabutla Lake"
"546",6486.34433548237,"1","headwaters","Arkabutla Lake"
"547",6486.34433548237,"1","headwaters","Arkabutla Lake"
"548",6486.34433548237,"1","headwaters","Arkabutla Lake"
"549",6486.34433548237,"1","headwaters","Arkabutla Lake"
"550",6486.34433548237,"1","headwaters","Arkabutla Lake"
"551",6486.34433548237,"2","headwaters","Arkabutla Lake"
"552",6486.34433548237,"2","headwaters","Arkabutla Lake"
"553",6486.34433548237,"2","headwaters","Arkabutla Lake"
"554",6486.34433548237,"2","headwaters","Arkabutla Lake"
"555",6486.34433548237,"2","headwaters","Arkabutla Lake"
"556",6486.34433548237,"2","headwaters","Arkabutla Lake"
"557",6486.34433548237,"2","headwaters","Arkabutla Lake"
"558",6486.34433548237,"2","headwaters","Arkabutla Lake"
"559",6486.34433548237,"2","headwaters","Arkabutla Lake"
"560",6486.34433548237,"2","headwaters","Arkabutla Lake"
"561",6486.34433548237,"3","headwaters","Arkabutla Lake"
"562",6486.34433548237,"3","headwaters","Arkabutla Lake"
"563",6486.34433548237,"3","headwaters","Arkabutla Lake"
"564",6486.34433548237,"3","headwaters","Arkabutla Lake"
"565",6486.34433548237,"3","headwaters","Arkabutla Lake"
"566",6486.34433548237,"4","headwaters","Arkabutla Lake"
"567",6486.34433548237,"4","headwaters","Arkabutla Lake"
"568",6486.34433548237,"4","headwaters","Arkabutla Lake"
"569",6486.34433548237,"4","headwaters","Arkabutla Lake"
"570",6486.34433548237,"4","headwaters","Arkabutla Lake"
"571",6486.34433548237,"1","headwaters","Arkabutla Lake"
"572",6486.34433548237,"1","headwaters","Arkabutla Lake"
"573",6486.34433548237,"1","headwaters","Arkabutla Lake"
"574",6486.34433548237,"1","headwaters","Arkabutla Lake"
"575",6486.34433548237,"1","headwaters","Arkabutla Lake"
"576",6486.34433548237,"1","headwaters","Arkabutla Lake"
"577",6486.34433548237,"1","headwaters","Arkabutla Lake"
"578",6486.34433548237,"1","headwaters","Arkabutla Lake"
"579",6486.34433548237,"2","headwaters","Arkabutla Lake"
"580",6486.34433548237,"2","headwaters","Arkabutla Lake"
"581",6486.34433548237,"2","headwaters","Arkabutla Lake"
"582",6486.34433548237,"2","headwaters","Arkabutla Lake"
"583",6486.34433548237,"2","headwaters","Arkabutla Lake"
"584",6486.34433548237,"2","headwaters","Arkabutla Lake"
"585",6486.34433548237,"2","headwaters","Arkabutla Lake"
"586",75857.7575029184,"2","neardam","Arkabutla Lake"
"587",346736.850452532,"2","neardam","Arkabutla Lake"
"588",38018.9396320561,"2","neardam","Arkabutla Lake"
"589",6486.34433548237,"3","neardam","Arkabutla Lake"
"590",25118.8643150958,"3","neardam","Arkabutla Lake"
"591",80167.8063387679,"3","neardam","Arkabutla Lake"
"592",89536.4765549594,"3","neardam","Arkabutla Lake"
"593",6486.34433548237,"3","neardam","Arkabutla Lake"
"594",6486.34433548237,"3","neardam","Arkabutla Lake"
"595",6486.34433548237,"3","neardam","Arkabutla Lake"
"596",82413.8115013002,"3","neardam","Arkabutla Lake"
"597",28054.3363795171,"3","neardam","Arkabutla Lake"
"598",6486.34433548237,"3","neardam","Arkabutla Lake"
"599",35974.9335155742,"3","neardam","Arkabutla Lake"
"600",26546.0556197554,"3","neardam","Arkabutla Lake"
"601",169044.093164326,"3","neardam","Arkabutla Lake"
"602",14859.3564228701,"3","neardam","Arkabutla Lake"
"603",41304.7501990161,"3","neardam","Arkabutla Lake"
"604",118032.063565173,"3","neardam","Arkabutla Lake"
"605",6486.34433548237,"3","neardam","Arkabutla Lake"
"606",73790.4230129101,"3","neardam","Arkabutla Lake"
"607",205116.217882556,"3","neardam","Arkabutla Lake"
"608",131825.673855641,"3","neardam","Arkabutla Lake"
"609",6486.34433548237,"3","neardam","Arkabutla Lake"
"610",131825.673855641,"3","neardam","Arkabutla Lake"
"611",356451.133426244,"3","neardam","Arkabutla Lake"
"612",87096.3589956081,"3","neardam","Arkabutla Lake"
"613",35974.9335155742,"3","neardam","Arkabutla Lake"
"614",50118.7233627272,"3","neardam","Arkabutla Lake"
"615",48752.8490103386,"3","neardam","Arkabutla Lake"
"616",54450.2652842421,"3","neardam","Arkabutla Lake"
"617",82413.8115013002,"3","neardam","Arkabutla Lake"
"618",111686.324778056,"4","neardam","Arkabutla Lake"
"619",124738.351424294,"4","neardam","Arkabutla Lake"
"620",69823.2404077171,"4","neardam","Arkabutla Lake"
"621",1e+05,"4","neardam","Arkabutla Lake"
"622",124738.351424294,"4","neardam","Arkabutla Lake"
"623",205116.217882556,"4","neardam","Arkabutla Lake"
"624",6486.34433548237,"4","neardam","Arkabutla Lake"
"625",75857.7575029184,"4","neardam","Arkabutla Lake"
"626",114815.362149688,"4","neardam","Arkabutla Lake"
"627",143218.789927354,"4","neardam","Arkabutla Lake"
"628",199526.231496888,"4","neardam","Arkabutla Lake"
"629",178648.757485205,"4","neardam","Arkabutla Lake"
"630",194088.587759278,"4","neardam","Arkabutla Lake"
"631",118032.063565173,"4","neardam","Arkabutla Lake"
"632",199526.231496888,"4","neardam","Arkabutla Lake"
"633",131825.673855641,"4","neardam","Arkabutla Lake"
"634",188799.134909629,"4","neardam","Arkabutla Lake"
"635",346736.850452532,"4","neardam","Arkabutla Lake"
"636",255858.588690565,"4","neardam","Arkabutla Lake"
"637",222843.51492703,"4","neardam","Arkabutla Lake"
"638",216770.410481969,"4","neardam","Arkabutla Lake"
"639",155596.563160508,"4","neardam","Arkabutla Lake"
"640",188799.134909629,"4","neardam","Arkabutla Lake"
"641",310455.958812836,"4","neardam","Arkabutla Lake"
"642",255858.588690565,"4","neardam","Arkabutla Lake"
"643",169044.093164326,"4","neardam","Arkabutla Lake"
"644",194088.587759278,"4","neardam","Arkabutla Lake"
"645",6486.34433548237,"4","neardam","Arkabutla Lake"
"646",59156.1634175474,"4","neardam","Arkabutla Lake"
"647",48752.8490103386,"4","neardam","Arkabutla Lake"
"648",62517.2692775686,"4","neardam","Arkabutla Lake"
"649",1e+05,"4","neardam","Arkabutla Lake"
"650",11912.4200802737,"4","neardam","Arkabutla Lake"
"651",27289.7778280804,"4","neardam","Arkabutla Lake"
"652",20137.2424986239,"1","neardam","Arkabutla Lake"
"653",6486.34433548237,"1","neardam","Arkabutla Lake"
"654",31332.8572431559,"1","neardam","Arkabutla Lake"
"655",28840.3150312661,"1","neardam","Arkabutla Lake"
"656",89536.4765549594,"1","neardam","Arkabutla Lake"
"657",69823.2404077171,"1","neardam","Arkabutla Lake"
"658",143218.789927354,"1","neardam","Arkabutla Lake"
"659",169044.093164326,"1","neardam","Arkabutla Lake"
"660",183653.834334835,"1","neardam","Arkabutla Lake"
"661",124738.351424294,"1","neardam","Arkabutla Lake"
"662",44874.5389933132,"1","neardam","Arkabutla Lake"
"663",143218.789927354,"1","neardam","Arkabutla Lake"
"664",205116.217882556,"1","neardam","Arkabutla Lake"
"665",75857.7575029184,"1","neardam","Arkabutla Lake"
"666",293764.965196153,"1","neardam","Arkabutla Lake"
"667",229086.765276777,"1","neardam","Arkabutla Lake"
"668",178648.757485205,"1","neardam","Arkabutla Lake"
"669",105681.750921366,"1","neardam","Arkabutla Lake"
"670",82413.8115013002,"1","neardam","Arkabutla Lake"
"671",80167.8063387679,"1","neardam","Arkabutla Lake"
"672",216770.410481969,"1","neardam","Arkabutla Lake"
"673",216770.410481969,"1","neardam","Arkabutla Lake"
"674",376703.798983909,"1","neardam","Arkabutla Lake"
"675",310455.958812836,"1","neardam","Arkabutla Lake"
"676",205116.217882556,"2","neardam","Arkabutla Lake"
"677",301995.172040201,"2","neardam","Arkabutla Lake"
"678",277971.326775929,"2","neardam","Arkabutla Lake"
"679",155596.563160508,"2","neardam","Arkabutla Lake"
"680",248885.731828239,"2","neardam","Arkabutla Lake"
"681",356451.133426244,"2","neardam","Arkabutla Lake"
"682",6486.34433548237,"2","neardam","Arkabutla Lake"
"683",205116.217882556,"2","neardam","Arkabutla Lake"
"684",242102.904673618,"2","neardam","Arkabutla Lake"
"685",216770.410481969,"2","neardam","Arkabutla Lake"
"686",57543.9937337157,"2","neardam","Arkabutla Lake"
"687",84722.7414140596,"2","neardam","Arkabutla Lake"
"688",159955.802861467,"2","neardam","Arkabutla Lake"
"689",51522.8644581756,"2","neardam","Arkabutla Lake"
"690",24434.3055269397,"2","neardam","Arkabutla Lake"
"691",80167.8063387679,"2","neardam","Arkabutla Lake"
"692",69823.2404077171,"2","neardam","Arkabutla Lake"
"693",21877.6162394955,"2","neardam","Arkabutla Lake"
"694",43651.5832240166,"2","neardam","Arkabutla Lake"
"695",73790.4230129101,"2","neardam","Arkabutla Lake"
"696",73790.4230129101,"2","neardam","Arkabutla Lake"
"697",97274.7223776964,"2","neardam","Arkabutla Lake"
"698",52966.3443891658,"2","neardam","Arkabutla Lake"
"699",118032.063565173,"2","neardam","Arkabutla Lake"
"700",398107.170553497,"2","neardam","Arkabutla Lake"
"701",118032.063565173,"2","neardam","Arkabutla Lake"
"702",6486.34433548237,"2","neardam","Arkabutla Lake"
"703",20137.2424986239,"2","neardam","Arkabutla Lake"
"704",111686.324778056,"2","neardam","Arkabutla Lake"
"705",60813.5001278718,"2","neardam","Arkabutla Lake"
"706",84722.7414140596,"2","neardam","Arkabutla Lake"
"707",25118.8643150958,"2","neardam","Arkabutla Lake"
"708",46131.7574560379,"2","neardam","Arkabutla Lake"
"709",8550.66712884682,"3","neardam","Arkabutla Lake"
"710",41304.7501990161,"3","neardam","Arkabutla Lake"
"711",13677.2882559585,"3","neardam","Arkabutla Lake"
"712",46131.7574560379,"3","neardam","Arkabutla Lake"
"713",6486.34433548237,"3","neardam","Arkabutla Lake"
"714",48752.8490103386,"3","neardam","Arkabutla Lake"
"715",57543.9937337157,"3","neardam","Arkabutla Lake"
"716",33113.1121482591,"3","neardam","Arkabutla Lake"
"717",6486.34433548237,"3","neardam","Arkabutla Lake"
"718",64268.7717317019,"3","neardam","Arkabutla Lake"
"719",111686.324778056,"3","neardam","Arkabutla Lake"
"720",97274.7223776964,"3","neardam","Arkabutla Lake"
"721",77983.0110523258,"3","neardam","Arkabutla Lake"
"722",80167.8063387679,"3","neardam","Arkabutla Lake"
"723",51522.8644581756,"3","neardam","Arkabutla Lake"
"724",27289.7778280804,"3","neardam","Arkabutla Lake"
"725",17060.8238900312,"3","neardam","Arkabutla Lake"
"726",22490.5460583578,"4","neardam","Arkabutla Lake"
"727",44874.5389933132,"4","neardam","Arkabutla Lake"
"728",60813.5001278718,"4","neardam","Arkabutla Lake"
"729",114815.362149688,"4","neardam","Arkabutla Lake"
"730",153461.698279929,"4","neardam","Arkabutla Lake"
"731",102801.629812647,"4","neardam","Arkabutla Lake"
"732",164437.172321493,"4","neardam","Arkabutla Lake"
"733",188799.134909629,"4","neardam","Arkabutla Lake"
"734",205116.217882556,"4","neardam","Arkabutla Lake"
"735",135518.941235103,"4","neardam","Arkabutla Lake"
"736",199526.231496888,"4","neardam","Arkabutla Lake"
"737",248885.731828239,"4","neardam","Arkabutla Lake"
"738",6486.34433548237,"4","neardam","Arkabutla Lake"
"739",328095.293113119,"4","neardam","Arkabutla Lake"
"740",285759.054337495,"4","neardam","Arkabutla Lake"
"741",457088.189614875,"4","neardam","Arkabutla Lake"
"742",293764.965196153,"4","neardam","Arkabutla Lake"
"743",356451.133426244,"4","neardam","Arkabutla Lake"
"744",222843.51492703,"4","neardam","Arkabutla Lake"
"745",619441.075076781,"4","neardam","Arkabutla Lake"
"746",319153.785510076,"4","neardam","Arkabutla Lake"
"747",387257.644921617,"4","neardam","Arkabutla Lake"
"748",248885.731828239,"4","neardam","Arkabutla Lake"
"749",255858.588690565,"4","neardam","Arkabutla Lake"
"750",366437.574647833,"4","neardam","Arkabutla Lake"
"751",6486.34433548237,"4","neardam","Arkabutla Lake"
"752",64268.7717317019,"1","neardam","Arkabutla Lake"
"753",11587.7735615513,"1","neardam","Arkabutla Lake"
"754",11271.9745617551,"1","neardam","Arkabutla Lake"
"755",97274.7223776964,"1","neardam","Arkabutla Lake"
"756",6486.34433548237,"1","neardam","Arkabutla Lake"
"757",31332.8572431559,"1","neardam","Arkabutla Lake"
"758",16595.8690743756,"1","neardam","Arkabutla Lake"
"759",47424.1985260244,"1","neardam","Arkabutla Lake"
"760",6486.34433548237,"1","neardam","Arkabutla Lake"
"761",22490.5460583578,"1","neardam","Arkabutla Lake"
"762",6486.34433548237,"2","neardam","Arkabutla Lake"
"763",159955.802861467,"2","neardam","Arkabutla Lake"
"764",6486.34433548237,"2","neardam","Arkabutla Lake"
"765",7870.45789695098,"2","neardam","Arkabutla Lake"
"766",11912.4200802737,"2","neardam","Arkabutla Lake"
"767",6486.34433548237,"2","neardam","Arkabutla Lake"
"768",6486.34433548237,"2","neardam","Arkabutla Lake"
"769",18030.1774085957,"2","neardam","Arkabutla Lake"
"770",22490.5460583578,"2","neardam","Arkabutla Lake"
"771",6486.34433548237,"2","neardam","Arkabutla Lake"
"772",21877.6162394955,"2","neardam","Arkabutla Lake"
"773",19588.4467350599,"2","neardam","Arkabutla Lake"
"774",9036.494737223,"2","neardam","Arkabutla Lake"
"775",9549.92586021435,"3","neardam","Arkabutla Lake"
"776",80167.8063387679,"3","neardam","Arkabutla Lake"
"777",92044.957175317,"3","neardam","Arkabutla Lake"
"778",94623.7161365793,"3","neardam","Arkabutla Lake"
"779",1e+05,"3","neardam","Arkabutla Lake"
"780",6486.34433548237,"3","neardam","Arkabutla Lake"
"781",6486.34433548237,"3","neardam","Arkabutla Lake"
"782",6486.34433548237,"3","neardam","Arkabutla Lake"
"783",6486.34433548237,"3","neardam","Arkabutla Lake"
"784",173780.082874937,"3","neardam","Arkabutla Lake"
"785",188799.134909629,"3","neardam","Arkabutla Lake"
"786",36982.8179780266,"3","neardam","Arkabutla Lake"
"787",28054.3363795171,"3","neardam","Arkabutla Lake"
"788",6486.34433548237,"3","neardam","Arkabutla Lake"
"789",128233.058265602,"4","neardam","Arkabutla Lake"
"790",159955.802861467,"4","neardam","Arkabutla Lake"
"791",87096.3589956081,"4","neardam","Arkabutla Lake"
"792",188799.134909629,"4","neardam","Arkabutla Lake"
"793",293764.965196153,"4","neardam","Arkabutla Lake"
"794",147231.250243272,"4","neardam","Arkabutla Lake"
"795",444631.267469108,"4","neardam","Arkabutla Lake"
"796",409260.659730011,"4","neardam","Arkabutla Lake"
"797",285759.054337495,"4","neardam","Arkabutla Lake"
"798",277971.326775929,"4","neardam","Arkabutla Lake"
"799",188799.134909629,"4","neardam","Arkabutla Lake"
"800",131825.673855641,"4","neardam","Arkabutla Lake"
"801",248885.731828239,"4","neardam","Arkabutla Lake"
"802",75857.7575029184,"4","neardam","Arkabutla Lake"
"803",183653.834334835,"4","neardam","Arkabutla Lake"
"804",57543.9937337157,"4","neardam","Arkabutla Lake"
"805",36982.8179780266,"4","neardam","Arkabutla Lake"
"806",69823.2404077171,"4","neardam","Arkabutla Lake"
"807",57543.9937337157,"4","neardam","Arkabutla Lake"
"808",102801.629812647,"4","neardam","Arkabutla Lake"
"809",48752.8490103386,"4","neardam","Arkabutla Lake"
"810",82413.8115013002,"4","neardam","Arkabutla Lake"
"811",73790.4230129101,"4","neardam","Arkabutla Lake"
"812",92044.957175317,"4","neardam","Arkabutla Lake"
"813",139315.68029453,"4","neardam","Arkabutla Lake"
"814",229086.765276777,"4","neardam","Arkabutla Lake"
"815",135518.941235103,"4","neardam","Arkabutla Lake"
"816",114815.362149688,"4","neardam","Arkabutla Lake"
"817",82413.8115013002,"4","neardam","Arkabutla Lake"
"818",248885.731828239,"4","neardam","Arkabutla Lake"
"819",52966.3443891658,"4","neardam","Arkabutla Lake"
"820",14859.3564228701,"4","neardam","Arkabutla Lake"
"821",229086.765276777,"1","neardam","Arkabutla Lake"
"822",80167.8063387679,"1","neardam","Arkabutla Lake"
"823",102801.629812647,"1","neardam","Arkabutla Lake"
"824",54450.2652842421,"1","neardam","Arkabutla Lake"
"825",9817.47943019984,"1","neardam","Arkabutla Lake"
"826",48752.8490103386,"1","neardam","Arkabutla Lake"
"827",6486.34433548237,"1","neardam","Arkabutla Lake"
"828",34994.5167028357,"1","neardam","Arkabutla Lake"
"829",135518.941235103,"1","neardam","Arkabutla Lake"
"830",14060.4752412991,"1","neardam","Arkabutla Lake"
"831",62517.2692775686,"1","neardam","Arkabutla Lake"
"832",87096.3589956081,"1","neardam","Arkabutla Lake"
"833",62517.2692775686,"1","neardam","Arkabutla Lake"
"834",6486.34433548237,"1","neardam","Arkabutla Lake"
"835",18030.1774085957,"1","neardam","Arkabutla Lake"
"836",73790.4230129101,"1","neardam","Arkabutla Lake"
"837",34994.5167028357,"1","neardam","Arkabutla Lake"
"838",52966.3443891658,"1","neardam","Arkabutla Lake"
"839",155596.563160508,"1","neardam","Arkabutla Lake"
"840",15275.6605823807,"1","neardam","Arkabutla Lake"
"841",27289.7778280804,"1","neardam","Arkabutla Lake"
"842",9817.47943019984,"2","neardam","Arkabutla Lake"
"843",41304.7501990161,"2","neardam","Arkabutla Lake"
"844",6486.34433548237,"2","neardam","Arkabutla Lake"
"845",89536.4765549594,"2","neardam","Arkabutla Lake"
"846",31332.8572431559,"2","neardam","Arkabutla Lake"
"847",84722.7414140596,"2","neardam","Arkabutla Lake"
"848",89536.4765549594,"2","neardam","Arkabutla Lake"
"849",6486.34433548237,"2","neardam","Arkabutla Lake"
"850",27289.7778280804,"2","neardam","Arkabutla Lake"
"851",59156.1634175474,"2","neardam","Arkabutla Lake"
"852",8550.66712884682,"2","neardam","Arkabutla Lake"
"853",6486.34433548237,"2","neardam","Arkabutla Lake"
"854",32210.6879128343,"2","neardam","Arkabutla Lake"
"855",6486.34433548237,"2","neardam","Arkabutla Lake"
"856",28054.3363795171,"2","neardam","Arkabutla Lake"
"857",6486.34433548237,"2","neardam","Arkabutla Lake"
"858",94623.7161365793,"2","neardam","Arkabutla Lake"
"859",16143.5855682649,"2","neardam","Arkabutla Lake"
"860",21281.3904598271,"2","neardam","Arkabutla Lake"
"861",28054.3363795171,"3","neardam","Arkabutla Lake"
"862",11912.4200802737,"3","neardam","Arkabutla Lake"
"863",6486.34433548237,"3","neardam","Arkabutla Lake"
"864",15275.6605823807,"3","neardam","Arkabutla Lake"
"865",12589.2541179417,"3","neardam","Arkabutla Lake"
"866",31332.8572431559,"3","neardam","Arkabutla Lake"
"867",67920.3632617184,"3","neardam","Arkabutla Lake"
"868",111686.324778056,"3","neardam","Arkabutla Lake"
"869",24434.3055269397,"3","neardam","Arkabutla Lake"
"870",24434.3055269397,"3","neardam","Arkabutla Lake"
"871",48752.8490103386,"3","neardam","Arkabutla Lake"
"872",21877.6162394955,"3","neardam","Arkabutla Lake"
"873",8317.63771102671,"3","neardam","Arkabutla Lake"
"874",15275.6605823807,"3","neardam","Arkabutla Lake"
"875",24434.3055269397,"3","neardam","Arkabutla Lake"
"876",16143.5855682649,"3","neardam","Arkabutla Lake"
"877",21877.6162394955,"3","neardam","Arkabutla Lake"
"878",59156.1634175474,"3","neardam","Arkabutla Lake"
"879",6486.34433548237,"3","neardam","Arkabutla Lake"
"880",6486.34433548237,"3","neardam","Arkabutla Lake"
"881",6486.34433548237,"3","neardam","Arkabutla Lake"
"882",6486.34433548237,"3","neardam","Arkabutla Lake"
"883",6486.34433548237,"3","neardam","Arkabutla Lake"
"884",57543.9937337157,"3","neardam","Arkabutla Lake"
"885",52966.3443891658,"3","neardam","Arkabutla Lake"
"886",43651.5832240166,"3","neardam","Arkabutla Lake"
"887",62517.2692775686,"3","neardam","Arkabutla Lake"
"888",47424.1985260244,"3","neardam","Arkabutla Lake"
"889",6486.34433548237,"3","neardam","Arkabutla Lake"
"890",57543.9937337157,"3","neardam","Arkabutla Lake"
"891",27289.7778280804,"3","neardam","Arkabutla Lake"
"892",35974.9335155742,"3","neardam","Arkabutla Lake"
"893",102801.629812647,"3","neardam","Arkabutla Lake"
"894",69823.2404077171,"3","neardam","Arkabutla Lake"
"895",69823.2404077171,"3","neardam","Arkabutla Lake"
"896",71779.4291271362,"4","neardam","Arkabutla Lake"
"897",75857.7575029184,"4","neardam","Arkabutla Lake"
"898",43651.5832240166,"4","neardam","Arkabutla Lake"
"899",105681.750921366,"4","neardam","Arkabutla Lake"
"900",124738.351424294,"4","neardam","Arkabutla Lake"
"901",108642.562361706,"4","neardam","Arkabutla Lake"
"902",82413.8115013002,"4","neardam","Arkabutla Lake"
"903",178648.757485205,"4","neardam","Arkabutla Lake"
"904",6486.34433548237,"4","neardam","Arkabutla Lake"
"905",199526.231496888,"4","neardam","Arkabutla Lake"
"906",178648.757485205,"4","neardam","Arkabutla Lake"
"907",111686.324778056,"4","neardam","Arkabutla Lake"
"908",128233.058265602,"4","neardam","Arkabutla Lake"
"909",121338.885046498,"4","neardam","Arkabutla Lake"
"910",169044.093164326,"4","neardam","Arkabutla Lake"
"911",183653.834334835,"4","neardam","Arkabutla Lake"
"912",147231.250243272,"4","neardam","Arkabutla Lake"
"913",62517.2692775686,"4","neardam","Arkabutla Lake"
"914",57543.9937337157,"4","neardam","Arkabutla Lake"
"915",94623.7161365793,"4","neardam","Arkabutla Lake"
"916",10964.7819614319,"4","neardam","Arkabutla Lake"
"917",87096.3589956081,"4","neardam","Arkabutla Lake"
"918",48752.8490103386,"4","neardam","Arkabutla Lake"
"919",97274.7223776964,"4","neardam","Arkabutla Lake"
"920",75857.7575029184,"4","neardam","Arkabutla Lake"
"921",92044.957175317,"4","neardam","Arkabutla Lake"
"922",10964.7819614319,"4","neardam","Arkabutla Lake"
"923",16595.8690743756,"4","neardam","Arkabutla Lake"
"924",32210.6879128343,"4","neardam","Arkabutla Lake"
"925",27289.7778280804,"4","neardam","Arkabutla Lake"
"926",18030.1774085957,"4","neardam","Arkabutla Lake"
"927",40179.081084894,"4","neardam","Arkabutla Lake"
"928",57543.9937337157,"4","neardam","Arkabutla Lake"
"929",20701.4134879104,"4","neardam","Arkabutla Lake"
"930",60813.5001278718,"4","neardam","Arkabutla Lake"
"931",66069.3448007596,"4","neardam","Arkabutla Lake"
"932",1e+05,"4","neardam","Arkabutla Lake"
"933",11912.4200802737,"4","neardam","Arkabutla Lake"
"934",6486.34433548237,"4","neardam","Arkabutla Lake"
"935",80167.8063387679,"4","neardam","Arkabutla Lake"
"936",14060.4752412991,"1","neardam","Arkabutla Lake"
"937",54450.2652842421,"1","neardam","Arkabutla Lake"
"938",30478.9498962798,"1","neardam","Arkabutla Lake"
"939",15275.6605823807,"1","neardam","Arkabutla Lake"
"940",71779.4291271362,"1","neardam","Arkabutla Lake"
"941",12941.9584144998,"1","neardam","Arkabutla Lake"
"942",18030.1774085957,"1","neardam","Arkabutla Lake"
"943",69823.2404077171,"1","neardam","Arkabutla Lake"
"944",143218.789927354,"1","neardam","Arkabutla Lake"
"945",87096.3589956081,"1","neardam","Arkabutla Lake"
"946",147231.250243272,"1","neardam","Arkabutla Lake"
"947",205116.217882556,"1","neardam","Arkabutla Lake"
"948",9549.92586021435,"1","neardam","Arkabutla Lake"
"949",77983.0110523258,"2","neardam","Arkabutla Lake"
"950",32210.6879128343,"2","neardam","Arkabutla Lake"
"951",6486.34433548237,"2","neardam","Arkabutla Lake"
"952",54450.2652842421,"2","neardam","Arkabutla Lake"
"953",11271.9745617551,"2","neardam","Arkabutla Lake"
"954",62517.2692775686,"2","neardam","Arkabutla Lake"
"955",36982.8179780266,"2","neardam","Arkabutla Lake"
"956",19588.4467350599,"2","neardam","Arkabutla Lake"
"957",12246.1619926505,"2","neardam","Arkabutla Lake"
"958",6486.34433548237,"2","neardam","Arkabutla Lake"
"959",19588.4467350599,"2","neardam","Arkabutla Lake"
"960",50118.7233627272,"2","neardam","Arkabutla Lake"
"961",39084.0895792402,"2","neardam","Arkabutla Lake"
"962",42461.9563946313,"2","neardam","Arkabutla Lake"
"963",32210.6879128343,"2","neardam","Arkabutla Lake"
"964",21281.3904598271,"2","neardam","Arkabutla Lake"
"965",6486.34433548237,"2","neardam","Arkabutla Lake"
"966",42461.9563946313,"2","neardam","Arkabutla Lake"
"967",57543.9937337157,"2","neardam","Arkabutla Lake"
"968",21877.6162394955,"2","neardam","Arkabutla Lake"
"969",6486.34433548237,"2","neardam","Arkabutla Lake"
"970",20137.2424986239,"2","neardam","Arkabutla Lake"
"971",6486.34433548237,"2","neardam","Arkabutla Lake"
"972",20137.2424986239,"3","neardam","Arkabutla Lake"
"973",21877.6162394955,"3","neardam","Arkabutla Lake"
"974",17538.8050184176,"3","neardam","Arkabutla Lake"
"975",55975.760149511,"3","neardam","Arkabutla Lake"
"976",135518.941235103,"3","neardam","Arkabutla Lake"
"977",118032.063565173,"3","neardam","Arkabutla Lake"
"978",159955.802861467,"3","neardam","Arkabutla Lake"
"979",6486.34433548237,"3","neardam","Arkabutla Lake"
"980",6486.34433548237,"3","neardam","Arkabutla Lake"
"981",6486.34433548237,"3","neardam","Arkabutla Lake"
"982",121338.885046498,"3","neardam","Arkabutla Lake"
"983",6486.34433548237,"3","neardam","Arkabutla Lake"
"984",6486.34433548237,"3","neardam","Arkabutla Lake"
"985",164437.172321493,"3","neardam","Arkabutla Lake"
"986",188799.134909629,"3","neardam","Arkabutla Lake"
"987",169044.093164326,"3","neardam","Arkabutla Lake"
"988",205116.217882556,"3","neardam","Arkabutla Lake"
"989",143218.789927354,"3","neardam","Arkabutla Lake"
"990",6486.34433548237,"3","neardam","Arkabutla Lake"
"991",176197.604641163,"3","neardam","Arkabutla Lake"
"992",6486.34433548237,"3","neardam","Arkabutla Lake"
"993",105681.750921366,"3","neardam","Arkabutla Lake"
"994",255858.588690565,"3","neardam","Arkabutla Lake"
"995",183653.834334835,"3","neardam","Arkabutla Lake"
"996",293764.965196153,"3","neardam","Arkabutla Lake"
"997",263026.799189538,"3","neardam","Arkabutla Lake"
"998",121338.885046498,"3","neardam","Arkabutla Lake"
"999",301995.172040201,"3","neardam","Arkabutla Lake"
"1000",248885.731828239,"4","neardam","Arkabutla Lake"
"1001",409260.659730011,"4","neardam","Arkabutla Lake"
"1002",199526.231496888,"4","neardam","Arkabutla Lake"
"1003",183653.834334835,"4","neardam","Arkabutla Lake"
"1004",337287.308658869,"4","neardam","Arkabutla Lake"
"1005",337287.308658869,"4","neardam","Arkabutla Lake"
"1006",277971.326775929,"4","neardam","Arkabutla Lake"
"1007",173780.082874937,"4","neardam","Arkabutla Lake"
"1008",105681.750921366,"4","neardam","Arkabutla Lake"
"1009",118032.063565173,"4","neardam","Arkabutla Lake"
"1010",205116.217882556,"4","neardam","Arkabutla Lake"
"1011",263026.799189538,"4","neardam","Arkabutla Lake"
"1012",432513.831035009,"4","neardam","Arkabutla Lake"
"1013",248885.731828239,"4","neardam","Arkabutla Lake"
"1014",210862.814993329,"4","neardam","Arkabutla Lake"
"1015",376703.798983909,"4","neardam","Arkabutla Lake"
"1016",263026.799189538,"4","neardam","Arkabutla Lake"
"1017",255858.588690565,"4","neardam","Arkabutla Lake"
"1018",242102.904673618,"4","neardam","Arkabutla Lake"
"1019",285759.054337495,"4","neardam","Arkabutla Lake"
"1020",496592.321450336,"4","neardam","Arkabutla Lake"
"1021",356451.133426244,"4","neardam","Arkabutla Lake"
"1022",387257.644921617,"4","neardam","Arkabutla Lake"
"1023",310455.958812836,"4","neardam","Arkabutla Lake"
"1024",398107.170553497,"4","neardam","Arkabutla Lake"
"1025",398107.170553497,"4","neardam","Arkabutla Lake"
"1026",751622.894018205,"4","neardam","Arkabutla Lake"
"1027",602559.586074357,"4","neardam","Arkabutla Lake"
"1028",510504.999975406,"4","neardam","Arkabutla Lake"
"1029",586138.164514028,"4","neardam","Arkabutla Lake"
"1030",510504.999975406,"4","neardam","Arkabutla Lake"
"1031",310455.958812836,"4","neardam","Arkabutla Lake"
"1032",139315.68029453,"4","neardam","Arkabutla Lake"
"1033",255858.588690565,"4","neardam","Arkabutla Lake"
"1034",255858.588690565,"4","neardam","Arkabutla Lake"
"1035",496592.321450336,"4","neardam","Arkabutla Lake"
"1036",483058.802039773,"4","neardam","Arkabutla Lake"
"1037",457088.189614875,"4","neardam","Arkabutla Lake"
"1038",376703.798983909,"4","neardam","Arkabutla Lake"
"1039",337287.308658869,"4","neardam","Arkabutla Lake"
"1040",524807.460249772,"4","neardam","Arkabutla Lake"
"1041",337287.308658869,"4","neardam","Arkabutla Lake"
"1042",554625.71295791,"4","neardam","Arkabutla Lake"
"1043",178648.757485205,"4","neardam","Arkabutla Lake"
"1044",469894.108605215,"4","neardam","Arkabutla Lake"
"1045",293764.965196153,"4","neardam","Arkabutla Lake"
"1046",235504.928389601,"4","neardam","Arkabutla Lake"
"1047",387257.644921617,"4","neardam","Arkabutla Lake"
"1048",301995.172040201,"4","neardam","Arkabutla Lake"
"1049",293764.965196153,"4","neardam","Arkabutla Lake"
"1050",270395.836410884,"4","neardam","Arkabutla Lake"
"1051",242102.904673618,"4","neardam","Arkabutla Lake"
"1052",52966.3443891658,"4","neardam","Arkabutla Lake"
"1053",20701.4134879104,"1","neardam","Arkabutla Lake"
"1054",18030.1774085957,"1","neardam","Arkabutla Lake"
"1055",105681.750921366,"1","neardam","Arkabutla Lake"
"1056",84722.7414140596,"1","neardam","Arkabutla Lake"
"1057",30478.9498962798,"1","neardam","Arkabutla Lake"
"1058",60813.5001278718,"1","neardam","Arkabutla Lake"
"1059",105681.750921366,"1","neardam","Arkabutla Lake"
"1060",67920.3632617184,"1","neardam","Arkabutla Lake"
"1061",84722.7414140596,"1","neardam","Arkabutla Lake"
"1062",73790.4230129101,"1","neardam","Arkabutla Lake"
"1063",337287.308658869,"1","neardam","Arkabutla Lake"
"1064",43651.5832240166,"1","neardam","Arkabutla Lake"
"1065",139315.68029453,"1","neardam","Arkabutla Lake"
"1066",29648.3138952434,"1","neardam","Arkabutla Lake"
"1067",71779.4291271362,"1","neardam","Arkabutla Lake"
"1068",183653.834334835,"1","neardam","Arkabutla Lake"
"1069",20701.4134879104,"1","neardam","Arkabutla Lake"
"1070",67920.3632617184,"1","neardam","Arkabutla Lake"
"1071",143218.789927354,"1","neardam","Arkabutla Lake"
"1072",20137.2424986239,"1","neardam","Arkabutla Lake"
"1073",111686.324778056,"1","neardam","Arkabutla Lake"
"1074",20137.2424986239,"1","neardam","Arkabutla Lake"
"1075",32210.6879128343,"2","neardam","Arkabutla Lake"
"1076",6486.34433548237,"2","neardam","Arkabutla Lake"
"1077",6486.34433548237,"2","neardam","Arkabutla Lake"
"1078",66069.3448007596,"2","neardam","Arkabutla Lake"
"1079",22490.5460583578,"2","neardam","Arkabutla Lake"
"1080",255858.588690565,"2","neardam","Arkabutla Lake"
"1081",7046.93068967147,"2","neardam","Arkabutla Lake"
"1082",6854.88226452661,"2","neardam","Arkabutla Lake"
"1083",28840.3150312661,"3","neardam","Arkabutla Lake"
"1084",12246.1619926505,"3","neardam","Arkabutla Lake"
"1085",159955.802861467,"4","neardam","Arkabutla Lake"
"1086",46131.7574560379,"4","neardam","Arkabutla Lake"
"1087",28840.3150312661,"1","neardam","Arkabutla Lake"
"1088",337287.308658869,"2","neardam","Arkabutla Lake"
"1089",108642.562361706,"2","neardam","Arkabutla Lake"
"1090",82413.8115013002,"2","neardam","Arkabutla Lake"
"1091",51522.8644581756,"2","neardam","Arkabutla Lake"
"1092",8317.63771102671,"3","neardam","Arkabutla Lake"
"1093",67920.3632617184,"4","neardam","Arkabutla Lake"
"1094",319153.785510076,"4","neardam","Arkabutla Lake"
"1095",23120.6479017559,"1","neardam","Arkabutla Lake"
"1096",19588.4467350599,"1","neardam","Arkabutla Lake"
"1097",17060.8238900312,"2","neardam","Arkabutla Lake"
"1098",97274.7223776964,"2","neardam","Arkabutla Lake"
"1099",87096.3589956081,"2","neardam","Arkabutla Lake"
"1100",62517.2692775686,"3","neardam","Arkabutla Lake"
"1101",17060.8238900312,"3","neardam","Arkabutla Lake"
"1102",55975.760149511,"4","neardam","Arkabutla Lake"
"1103",25822.601906346,"4","neardam","Arkabutla Lake"
"1104",16595.8690743756,"1","neardam","Arkabutla Lake"
"1105",80167.8063387679,"1","neardam","Arkabutla Lake"
"1106",27289.7778280804,"1","neardam","Arkabutla Lake"
"1107",97274.7223776964,"1","neardam","Arkabutla Lake"
"1108",8317.63771102671,"1","neardam","Arkabutla Lake"
"1109",242102.904673618,"2","neardam","Arkabutla Lake"
"1110",47424.1985260244,"2","neardam","Arkabutla Lake"
"1111",14060.4752412991,"2","neardam","Arkabutla Lake"
"1112",6854.88226452661,"3","neardam","Arkabutla Lake"
"1113",17060.8238900312,"3","neardam","Arkabutla Lake"
"1114",21877.6162394955,"3","neardam","Arkabutla Lake"
"1115",8550.66712884682,"3","neardam","Arkabutla Lake"
"1116",52966.3443891658,"3","neardam","Arkabutla Lake"
"1117",84722.7414140596,"3","neardam","Arkabutla Lake"
"1118",11271.9745617551,"4","neardam","Arkabutla Lake"
"1119",12246.1619926505,"4","neardam","Arkabutla Lake"
"1120",9549.92586021435,"4","neardam","Arkabutla Lake"
"1121",21281.3904598271,"4","neardam","Arkabutla Lake"
"1122",25118.8643150958,"4","neardam","Arkabutla Lake"
"1123",15275.6605823807,"4","neardam","Arkabutla Lake"
"1124",7244.35960074989,"1","neardam","Arkabutla Lake"
"1125",143218.789927354,"1","neardam","Arkabutla Lake"
"1126",43651.5832240166,"1","neardam","Arkabutla Lake"
"1127",28840.3150312661,"1","neardam","Arkabutla Lake"
"1128",19588.4467350599,"1","neardam","Arkabutla Lake"
"1129",43651.5832240166,"1","neardam","Arkabutla Lake"
"1130",24434.3055269397,"1","neardam","Arkabutla Lake"
"1131",11912.4200802737,"1","neardam","Arkabutla Lake"
"1132",21877.6162394955,"1","neardam","Arkabutla Lake"
"1133",28054.3363795171,"1","neardam","Arkabutla Lake"
"1134",17060.8238900312,"1","neardam","Arkabutla Lake"
"1135",10092.5288607668,"1","neardam","Arkabutla Lake"
"1136",51522.8644581756,"2","neardam","Arkabutla Lake"
"1137",11587.7735615513,"2","neardam","Arkabutla Lake"
"1138",155596.563160508,"2","neardam","Arkabutla Lake"
"1139",20701.4134879104,"2","neardam","Arkabutla Lake"
"1140",73790.4230129101,"2","neardam","Arkabutla Lake"
"1141",59156.1634175474,"2","neardam","Arkabutla Lake"
"1142",210862.814993329,"2","neardam","Arkabutla Lake"
"1143",84722.7414140596,"2","neardam","Arkabutla Lake"
"1144",28054.3363795171,"2","neardam","Arkabutla Lake"
"1145",28840.3150312661,"2","neardam","Arkabutla Lake"
"1146",44874.5389933132,"3","neardam","Arkabutla Lake"
"1147",40179.081084894,"3","neardam","Arkabutla Lake"
"1148",64268.7717317019,"3","neardam","Arkabutla Lake"
"1149",35974.9335155742,"3","neardam","Arkabutla Lake"
"1150",18535.3162341481,"3","neardam","Arkabutla Lake"
"1151",92044.957175317,"4","neardam","Arkabutla Lake"
"1152",210862.814993329,"4","neardam","Arkabutla Lake"
"1153",229086.765276777,"4","neardam","Arkabutla Lake"
"1154",337287.308658869,"4","neardam","Arkabutla Lake"
"1155",248885.731828239,"4","neardam","Arkabutla Lake"
"1156",35974.9335155742,"1","neardam","Arkabutla Lake"
"1157",26546.0556197554,"1","neardam","Arkabutla Lake"
"1158",73790.4230129101,"1","neardam","Arkabutla Lake"
"1159",55975.760149511,"1","neardam","Arkabutla Lake"
"1160",31332.8572431559,"1","neardam","Arkabutla Lake"
"1161",17060.8238900312,"1","neardam","Arkabutla Lake"
"1162",9817.47943019984,"1","neardam","Arkabutla Lake"
"1163",7046.93068967147,"1","neardam","Arkabutla Lake"
"1164",50815.944256056,"2","neardam","Arkabutla Lake"
"1165",128233.058265602,"2","neardam","Arkabutla Lake"
"1166",6668.06769213622,"2","neardam","Arkabutla Lake"
"1167",82413.8115013002,"2","neardam","Arkabutla Lake"
"1168",105681.750921366,"2","neardam","Arkabutla Lake"
"1169",18535.3162341481,"2","neardam","Arkabutla Lake"
"1170",38018.9396320561,"2","neardam","Arkabutla Lake"
